-- --------------------------------------------------------
-- Host:                         127.0.0.1
-- Server version:               5.7.21-log - MySQL Community Server (GPL)
-- Server OS:                    Win64
-- HeidiSQL Version:             9.5.0.5196
-- --------------------------------------------------------

/*!40101 SET @OLD_CHARACTER_SET_CLIENT=@@CHARACTER_SET_CLIENT */;
/*!40101 SET NAMES utf8 */;
/*!50503 SET NAMES utf8mb4 */;
/*!40014 SET @OLD_FOREIGN_KEY_CHECKS=@@FOREIGN_KEY_CHECKS, FOREIGN_KEY_CHECKS=0 */;
/*!40101 SET @OLD_SQL_MODE=@@SQL_MODE, SQL_MODE='NO_AUTO_VALUE_ON_ZERO' */;


-- Dumping database structure for shopmanagment
CREATE DATABASE IF NOT EXISTS `shopmanagment` /*!40100 DEFAULT CHARACTER SET utf8 */;
USE `shopmanagment`;

-- Dumping structure for table shopmanagment.logins
CREATE TABLE IF NOT EXISTS `logins` (
  `Id` int(11) NOT NULL AUTO_INCREMENT,
  `Email` longtext,
  `FirstName` longtext,
  `LastName` longtext,
  `MiddleName` longtext,
  `PasswordHash` longtext,
  `Photo` longblob,
  PRIMARY KEY (`Id`)
) ENGINE=InnoDB AUTO_INCREMENT=2 DEFAULT CHARSET=utf8;

-- Dumping data for table shopmanagment.logins: ~0 rows (approximately)
/*!40000 ALTER TABLE `logins` DISABLE KEYS */;
INSERT INTO `logins` (`Id`, `Email`, `FirstName`, `LastName`, `MiddleName`, `PasswordHash`, `Photo`) VALUES
	(1, 'evgeny@dedenko@gmail.com', 'Evgeny', 'Dedenko', 'Sergeevich', '223', _binary 0x3300380000);
/*!40000 ALTER TABLE `logins` ENABLE KEYS */;

-- Dumping structure for table shopmanagment.products
CREATE TABLE IF NOT EXISTS `products` (
  `Id` int(11) NOT NULL AUTO_INCREMENT,
  `Description` longtext,
  `Price` decimal(18,2) NOT NULL,
  `ProviderId` int(11) NOT NULL,
  PRIMARY KEY (`Id`),
  KEY `IX_ProviderId` (`ProviderId`) USING HASH,
  CONSTRAINT `FK_Products_Providers_ProviderId` FOREIGN KEY (`ProviderId`) REFERENCES `providers` (`Id`) ON DELETE CASCADE ON UPDATE CASCADE
) ENGINE=InnoDB AUTO_INCREMENT=9 DEFAULT CHARSET=utf8;

-- Dumping data for table shopmanagment.products: ~5 rows (approximately)
/*!40000 ALTER TABLE `products` DISABLE KEYS */;
INSERT INTO `products` (`Id`, `Description`, `Price`, `ProviderId`) VALUES
	(1, 'ц32уц', 1221.00, 1),
	(2, 'рак', 1111.00, 1),
	(3, 'dno', 11112.00, 1),
	(5, 'fhd', 754.00, 2),
	(8, 'tgdg', 5675.00, 2);
/*!40000 ALTER TABLE `products` ENABLE KEYS */;

-- Dumping structure for table shopmanagment.providers
CREATE TABLE IF NOT EXISTS `providers` (
  `Id` int(11) NOT NULL AUTO_INCREMENT,
  `Description` longtext NOT NULL,
  `Color` varchar(10) DEFAULT NULL,
  `Address` longtext,
  `Phone` varchar(20) DEFAULT NULL,
  PRIMARY KEY (`Id`)
) ENGINE=InnoDB AUTO_INCREMENT=3 DEFAULT CHARSET=utf8;

-- Dumping data for table shopmanagment.providers: ~1 rows (approximately)
/*!40000 ALTER TABLE `providers` DISABLE KEYS */;
INSERT INTO `providers` (`Id`, `Description`, `Color`, `Address`, `Phone`) VALUES
	(1, 'вава', '#fcdc00', 'syghdf', 'rdydfghu'),
	(2, 'etrse', '#999999', 'wertew', '112435');
/*!40000 ALTER TABLE `providers` ENABLE KEYS */;

-- Dumping structure for table shopmanagment.sales
CREATE TABLE IF NOT EXISTS `sales` (
  `Id` int(11) NOT NULL AUTO_INCREMENT,
  `Price` decimal(18,2) NOT NULL,
  `ProductId` int(11) NOT NULL,
  `LoginId` int(11) DEFAULT NULL,
  `SaleDate` datetime DEFAULT NULL,
  PRIMARY KEY (`Id`),
  KEY `IX_ProductId` (`ProductId`) USING HASH,
  KEY `IX_LoginId` (`LoginId`) USING HASH,
  CONSTRAINT `FK_Sales_Logins_LoginId` FOREIGN KEY (`LoginId`) REFERENCES `logins` (`Id`) ON DELETE CASCADE ON UPDATE CASCADE,
  CONSTRAINT `FK_Sales_Products_ProductId` FOREIGN KEY (`ProductId`) REFERENCES `products` (`Id`) ON DELETE CASCADE ON UPDATE CASCADE
) ENGINE=InnoDB AUTO_INCREMENT=158 DEFAULT CHARSET=utf8;

-- Dumping data for table shopmanagment.sales: ~157 rows (approximately)
/*!40000 ALTER TABLE `sales` DISABLE KEYS */;
INSERT INTO `sales` (`Id`, `Price`, `ProductId`, `LoginId`, `SaleDate`) VALUES
	(1, 111.00, 1, 1, '2018-07-14 09:40:36'),
	(2, 111.00, 2, 1, '2018-07-14 09:40:36'),
	(3, 111.00, 3, 1, '2018-07-14 09:40:36'),
	(4, 111.00, 1, 1, '2018-07-14 09:40:36'),
	(5, 111.00, 1, 1, '2018-07-14 09:40:36'),
	(6, 111.00, 1, 1, '2018-07-14 09:40:36'),
	(7, 111.00, 1, 1, '2018-07-14 09:40:36'),
	(8, 111.00, 1, 1, '2018-07-14 09:40:36'),
	(9, 111.00, 1, 1, '2018-07-14 09:40:36'),
	(10, 111.00, 1, 1, '2018-07-14 09:40:36'),
	(11, 111.00, 1, 1, '2018-07-14 09:40:36'),
	(12, 111.00, 1, 1, '2018-07-14 09:40:36'),
	(13, 111.00, 1, 1, '2018-07-14 09:40:36'),
	(14, 111.00, 1, 1, '2018-07-14 09:40:36'),
	(15, 111.00, 1, 1, '2018-07-14 09:40:36'),
	(16, 111.00, 1, 1, '2018-07-14 09:40:36'),
	(17, 111.00, 1, 1, '2018-07-14 09:40:36'),
	(18, 111.00, 1, 1, '2018-07-14 09:40:36'),
	(19, 111.00, 1, 1, '2018-07-14 09:40:36'),
	(20, 111.00, 1, 1, '2018-07-14 09:40:36'),
	(21, 111.00, 1, 1, '2018-07-14 09:40:36'),
	(22, 111.00, 1, 1, '2018-07-14 09:40:36'),
	(23, 111.00, 1, 1, '2018-07-14 09:40:36'),
	(24, 111.00, 1, 1, '2018-07-14 09:40:36'),
	(25, 111.00, 1, 1, '2018-07-14 09:40:36'),
	(26, 111.00, 1, 1, '2018-07-14 09:40:36'),
	(27, 111.00, 1, 1, '2018-07-14 09:40:36'),
	(28, 111.00, 1, 1, '2018-07-14 09:40:36'),
	(29, 111.00, 1, 1, '2018-07-14 09:40:36'),
	(30, 111.00, 1, 1, '2018-07-14 09:40:36'),
	(31, 111.00, 1, 1, '2018-07-14 09:40:36'),
	(32, 111.00, 1, 1, '2018-07-14 09:40:36'),
	(33, 111.00, 1, 1, '2018-07-14 09:40:36'),
	(34, 111.00, 1, 1, '2018-07-14 09:40:36'),
	(35, 111.00, 1, 1, '2018-07-14 09:40:36'),
	(36, 111.00, 1, 1, '2018-07-14 09:40:36'),
	(37, 111.00, 1, 1, '2018-07-14 09:40:36'),
	(38, 111.00, 1, 1, '2018-07-14 09:40:36'),
	(39, 111.00, 1, 1, '2018-07-14 09:40:36'),
	(40, 111.00, 1, 1, '2018-07-14 09:40:36'),
	(41, 111.00, 1, 1, '2018-07-14 09:40:36'),
	(42, 111.00, 1, 1, '2018-07-14 09:40:36'),
	(43, 111.00, 1, 1, '2018-07-14 09:40:36'),
	(44, 111.00, 1, 1, '2018-07-14 09:40:36'),
	(45, 111.00, 1, 1, '2018-07-14 09:40:36'),
	(46, 111.00, 1, 1, '2018-07-14 09:40:36'),
	(47, 111.00, 1, 1, '2018-07-14 09:40:36'),
	(48, 111.00, 1, 1, '2018-07-14 09:40:36'),
	(49, 111.00, 1, 1, '2018-07-14 09:40:36'),
	(50, 111.00, 1, 1, '2018-07-14 09:40:36'),
	(51, 111.00, 1, 1, '2018-07-14 09:40:36'),
	(52, 111.00, 1, 1, '2018-07-14 09:40:36'),
	(53, 111.00, 1, 1, '2018-07-14 09:40:36'),
	(54, 111.00, 1, 1, '2018-07-14 09:40:36'),
	(55, 111.00, 1, 1, '2018-07-14 09:40:36'),
	(56, 111.00, 1, 1, '2018-07-14 09:40:36'),
	(57, 111.00, 1, 1, '2018-07-14 09:40:36'),
	(58, 111.00, 1, 1, '2018-07-14 09:40:36'),
	(59, 111.00, 1, 1, '2018-07-14 09:40:36'),
	(60, 111.00, 1, 1, '2018-07-14 09:40:36'),
	(61, 111.00, 1, 1, '2018-07-14 09:40:36'),
	(62, 111.00, 1, 1, '2018-07-14 09:40:36'),
	(63, 111.00, 1, 1, '2018-07-14 09:40:36'),
	(64, 111.00, 1, 1, '2018-07-14 09:40:36'),
	(65, 111.00, 1, 1, '2018-07-14 09:40:36'),
	(66, 111.00, 1, 1, '2018-07-14 09:40:36'),
	(67, 111.00, 1, 1, '2018-07-14 09:40:36'),
	(68, 111.00, 1, 1, '2018-07-14 09:40:36'),
	(69, 111.00, 1, 1, '2018-07-14 09:40:36'),
	(70, 111.00, 1, 1, '2018-07-14 09:40:36'),
	(71, 111.00, 1, 1, '2018-07-14 09:40:36'),
	(72, 111.00, 1, 1, '2018-07-14 09:40:36'),
	(73, 111.00, 1, 1, '2018-07-14 09:40:36'),
	(74, 111.00, 1, 1, '2018-07-14 09:40:36'),
	(75, 111.00, 1, 1, '2018-07-14 09:40:36'),
	(76, 111.00, 1, 1, '2018-07-14 09:40:36'),
	(77, 111.00, 1, 1, '2018-07-14 09:40:36'),
	(78, 111.00, 1, 1, '2018-07-14 09:40:36'),
	(79, 111.00, 1, 1, '2018-07-14 09:40:36'),
	(80, 111.00, 1, 1, '2018-07-14 09:40:36'),
	(81, 111.00, 1, 1, '2018-07-14 09:40:36'),
	(82, 111.00, 1, 1, '2018-07-14 09:40:36'),
	(83, 111.00, 1, 1, '2018-07-14 09:40:36'),
	(84, 111.00, 1, 1, '2018-07-14 09:40:36'),
	(85, 111.00, 1, 1, '2018-07-14 09:40:36'),
	(86, 111.00, 1, 1, '2018-07-14 09:40:36'),
	(87, 111.00, 1, 1, '2018-07-14 09:40:36'),
	(88, 111.00, 1, 1, '2018-07-14 09:40:36'),
	(89, 111.00, 1, 1, '2018-07-14 09:40:36'),
	(90, 111.00, 1, 1, '2018-07-14 09:40:36'),
	(91, 111.00, 1, 1, '2018-07-14 09:40:36'),
	(92, 111.00, 1, 1, '2018-07-14 09:40:36'),
	(93, 111.00, 1, 1, '2018-07-14 09:40:36'),
	(94, 111.00, 1, 1, '2018-07-14 09:40:36'),
	(95, 111.00, 1, 1, '2018-07-14 09:40:36'),
	(96, 111.00, 1, 1, '2018-07-14 09:40:36'),
	(97, 111.00, 1, 1, '2018-07-14 09:40:36'),
	(98, 111.00, 1, 1, '2018-07-14 09:40:36'),
	(99, 111.00, 1, 1, '2018-07-14 09:40:36'),
	(100, 111.00, 1, 1, '2018-07-14 09:40:36'),
	(101, 111.00, 1, 1, '2018-07-14 09:40:36'),
	(102, 111.00, 1, 1, '2018-07-14 09:40:36'),
	(103, 111.00, 1, 1, '2018-07-14 09:40:36'),
	(104, 111.00, 1, 1, '2018-07-14 09:40:36'),
	(105, 111.00, 1, 1, '2018-07-14 09:40:36'),
	(106, 111.00, 1, 1, '2018-07-14 09:40:36'),
	(107, 111.00, 1, 1, '2018-07-14 09:40:36'),
	(108, 111.00, 1, 1, '2018-07-14 09:40:36'),
	(109, 111.00, 1, 1, '2018-07-14 09:40:36'),
	(110, 111.00, 1, 1, '2018-07-14 09:40:36'),
	(111, 111.00, 1, 1, '2018-07-14 09:40:36'),
	(112, 111.00, 1, 1, '2018-07-14 09:40:36'),
	(113, 111.00, 1, 1, '2018-07-14 09:40:36'),
	(114, 111.00, 1, 1, '2018-07-14 09:40:36'),
	(115, 111.00, 1, 1, '2018-07-14 09:40:36'),
	(116, 111.00, 1, 1, '2018-07-14 09:40:36'),
	(117, 111.00, 1, 1, '2018-07-14 09:40:36'),
	(118, 111.00, 1, 1, '2018-07-14 09:40:36'),
	(119, 111.00, 1, 1, '2018-07-14 09:40:36'),
	(120, 111.00, 1, 1, '2018-07-14 09:40:36'),
	(121, 111.00, 1, 1, '2018-07-14 09:40:36'),
	(122, 111.00, 1, 1, '2018-07-14 09:40:36'),
	(123, 111.00, 1, 1, '2018-07-14 09:40:36'),
	(124, 111.00, 1, 1, '2018-07-14 09:40:36'),
	(125, 111.00, 1, 1, '2018-07-14 09:40:36'),
	(126, 111.00, 1, 1, '2018-07-14 09:40:36'),
	(127, 111.00, 1, 1, '2018-07-14 09:40:36'),
	(128, 111.00, 1, 1, '2018-07-14 09:40:36'),
	(129, 111.00, 1, 1, '2018-07-14 09:40:36'),
	(130, 111.00, 1, 1, '2018-07-14 09:40:36'),
	(131, 111.00, 1, 1, '2018-07-14 09:40:36'),
	(132, 111.00, 1, 1, '2018-07-14 09:40:36'),
	(133, 111.00, 1, 1, '2018-07-14 09:40:36'),
	(134, 111.00, 1, 1, '2018-07-14 09:40:36'),
	(135, 111.00, 1, 1, '2018-07-14 09:40:36'),
	(136, 111.00, 1, 1, '2018-07-14 09:40:36'),
	(137, 111.00, 1, 1, '2018-07-14 09:40:36'),
	(138, 111.00, 1, 1, '2018-07-14 09:40:36'),
	(139, 111.00, 1, 1, '2018-07-14 09:40:36'),
	(140, 111.00, 1, 1, '2018-07-14 09:40:36'),
	(141, 111.00, 1, 1, '2018-07-14 09:40:36'),
	(142, 111.00, 1, 1, '2018-07-14 09:40:36'),
	(143, 111.00, 1, 1, '2018-07-14 09:40:36'),
	(144, 111.00, 1, 1, '2018-07-14 09:40:36'),
	(145, 111.00, 1, 1, '2018-07-14 09:40:36'),
	(146, 111.00, 1, 1, '2018-07-14 09:40:36'),
	(147, 111.00, 1, 1, '2018-07-14 09:40:36'),
	(148, 111.00, 1, 1, '2018-07-14 09:40:36'),
	(149, 111.00, 1, 1, '2018-07-14 09:40:36'),
	(150, 111.00, 1, 1, '2018-07-14 09:40:36'),
	(151, 111.00, 1, 1, '2018-07-14 09:40:36'),
	(152, 111.00, 1, 1, '2018-07-14 09:40:36'),
	(153, 111.00, 1, 1, '2018-07-14 09:40:36'),
	(154, 111.00, 1, 1, '2018-07-14 09:40:36'),
	(155, 111.00, 1, 1, '2018-07-14 09:40:36'),
	(156, 111.00, 1, 1, '2018-07-14 09:40:36'),
	(157, 111.00, 1, 1, '2018-07-14 09:40:36');
/*!40000 ALTER TABLE `sales` ENABLE KEYS */;

-- Dumping structure for table shopmanagment.__migrationhistory
CREATE TABLE IF NOT EXISTS `__migrationhistory` (
  `MigrationId` varchar(150) NOT NULL,
  `ContextKey` varchar(300) NOT NULL,
  `Model` longblob NOT NULL,
  `ProductVersion` varchar(32) NOT NULL,
  PRIMARY KEY (`MigrationId`)
) ENGINE=InnoDB DEFAULT CHARSET=utf8;

-- Dumping data for table shopmanagment.__migrationhistory: ~0 rows (approximately)
/*!40000 ALTER TABLE `__migrationhistory` DISABLE KEYS */;
INSERT INTO `__migrationhistory` (`MigrationId`, `ContextKey`, `Model`, `ProductVersion`) VALUES
	('201807132116507_FirstMi', 'StoreManagment.DALayer.Migrations.Configuration', _binary 0x1FEFBFBD0800000000000400EFBFBD5BEFBFBD6EEFBFBD3610EFBFBD17EFBFBD3B083A16592BEFBFBD45EFBFBD6D60EFBFBD226B6FDAA0EFBFBD43EFBFBD2C7A0B68EFBFBD76EFBFBD52EFBFBD2B5269EFBFBDEFBFBD4FEFBFBD431FEFBFBDEFBFBD5052EFBFBD24255A3FEFBFBDEFBFBD6E10EFBFBD2253EFBFBD6FEFBFBDEFBFBDEFBFBDEFBFBD33EFBFBDEFBFBDEFBFBD7FEFBFBD1FEFBFBD42EFBFBD3CC288214A46EFBFBDEFBFBDEFBFBDEFBFBD7520EFBFBD69EFBFBDEFBFBD62EFBFBDEFBFBD7CEFBFBDEFBFBDEFBFBDEFBFBDC3B7EFBFBD0C3F07EFBFBDEFBFBD25EFBFBDEFBFBD4EEFBFBD13EFBFBDEFBFBDEFBFBDEFBFBD07CE97C79EEFBFBDEFBFBD0718023608EFBFBD1F5146EFBFBD7CEFBFBDEFBFBDEFBFBD0301EFBFBDEFBFBD1E1EEFBFBDEFBFBD1D1D795040EFBFBD02EFBFBD71EFBFBD3731EFBFBD28EFBFBDEFBFBD0FEFBFBD734CEFBFBD0FEFBFBD3C06EFBFBDEFBFBD0610EFBFBD6C5CEFBFBDEFBFBD26EFBFBDEFBFBD2508215B021FEFBFBDEFBFBD29EFBFBD11EFBFBD00042C4248EFBFBD6072720E56301AEFBFBDEFBFBDEFBFBD73EFBFBD1110424D21EFBFBDEFBFBD0E20EFBFBD72EFBFBDEFBFBDEFBFBDEFBFBD770C4E7944EFBFBD62EFBFBD140300DFAEEFBFBD50CC9B03EFBFBD60EFBFBDEFBFBDEFBFBD727AEFBFBD551DEFBFBDEFBFBDEFBFBDEFBFBD4AEFBFBD1CCA8F19EFBFBD6147EFBFBDEFBFBD77EFBFBDEFBFBD3CEFBFBDEFBFBDEFBFBDEFBFBDEFBFBD42EFBFBD42EFBFBDEFBFBDEFBFBDEFBFBDEFBFBD4AEFBFBD3A51EFBFBDEFBFBD3DEFBFBD0B24704D4EEFBFBD631CEFBFBD590DEFBFBD1E24EFBFBD074EEFBFBDEFBFBDEFBFBDEFBFBD52EFBFBD41C9BF03671C631E47704460EFBFBD23EFBFBD0FEFBFBDEFBFBD78EFBFBDEFBFBDEFBFBD0B5CEFBFBDEFBFBDEFBFBD2019EFBFBD1863556021EFBFBD78EFBFBD0DEFBFBDEFBFBDEFBFBD2E61EFBFBD573770EFBFBD2DEFBFBD2C701D4FEFBFBDEFBFBD4CC2824CEFBFBD49EFBFBD7846EFBFBDEFBFBDEFBFBDEFBFBD7329EFBFBDEFBFBD19EFBFBDEFBFBD3D28EFBFBD4856EFBFBD132430021C06D780731811EFBFBD0113EFBFBD56EFBFBD1BEFBFBD3EEFBFBD00E19C9DEFBFBD40EFBFBD57EFBFBD7301EFBFBDEFBFBD2159EFBFBDEFBFBD2B1E5DEFBFBD143DEFBFBD201FEFBFBD44EFBFBD2348EFBFBDEFBFBD20EFBFBD510CEFBFBDEFBFBDEFBFBDEFBFBDEFBFBD71EFBFBDEFBFBD754EEFBFBD6047EFBFBD2E501060EFBFBD1356D780EFBFBD3F6814EFBFBD0CEFBFBDEFBFBDEFBFBDEFBFBD3D504E732EEFBFBD1001D1AA1D171576EFBFBDEFBFBDEFBFBDEFBFBDEFBFBD05EFBFBD20EFBFBD797F3FEFBFBD005E3DEFBFBDEFBFBDEFBFBD27EFBFBDEFBFBD115AEFBFBDEFBFBD7AEFBFBD461421EFBFBDEFBFBD09EFBFBD510844EFBFBDEFBFBDEFBFBDEFBFBD53EFBFBDEFBFBDEFBFBD77EFBFBDEFBFBD0FEFBFBD42EFBFBD56DD844E1F5100EFBFBD66EFBFBD1938EFBFBDEFBFBD112D12655A105DEFBFBD06EFBFBD64027B40EFBFBD74EFBFBDEFBFBD4DECBE9C741AEFBFBDEFBFBDEFBFBDEFBFBD7EEFBFBD77EFBFBD531A47EFBFBDD2A965EFBFBD2DEFBFBD16EFBFBDEFBFBD77EFBFBD4CEFBFBD67EFBFBD4BEFBFBDEFBFBDEFBFBD307BEFBFBD3063EFBFBD69EFBFBD612EEFBFBDEFBFBD6A2AEFBFBDEFBFBDEFBFBD4549EFBFBD576B6AEFBFBDEFBFBDEFBFBDEFBFBD4419663A4744337BEFBFBD59EFBFBD7341EFBFBD414CEFBFBDEFBFBDEFBFBDC58AEFBFBD5B24EFBFBDEFBFBDEFBFBD393B0CEFBFBD0467EFBFBDEFBFBD3E7B5DEFBFBDEFBFBD72EFBFBD12EFBFBDEFBFBD5775EFBFBDEFBFBD61EFBFBD48EFBFBD15EFBFBD1CEFBFBD0443EFBFBD7C13EFBFBDEFBFBD257FEFBFBD65633861EFBFBDEFBFBD28EFBFBD41EFBFBDEFBFBDDCA4EFBFBD357D26EFBFBDD3B463EFBFBDEFBFBDEFBFBDEFBFBD7822020967454BEFBFBD42EFBFBDEFBFBDEFBFBD5D45556B60EFBFBDEFBFBDEFBFBDEFBFBDEFBFBDEFBFBD1EEFBFBDEFBFBD7B5FEFBFBD09C49043EFBFBDEFBFBD4F4FEFBFBD63EFBFBD7C10542D46EFBFBD27EFBFBD474444EFBFBDEFBFBD7449EFBFBDC5B1EFBFBDEFBFBD18EFBFBD08EFBFBDEFBFBD0F447CEFBFBD04EFBFBD417AEFBFBDEFBFBD65EFBFBD72151CEFBFBD3713EFBFBDEFBFBD44C68CEFBFBDEFBFBDD186EFBFBDEFBFBD0855452838192A6BEFBFBDEFBFBDEFBFBD53EFBFBD6BEFBFBDEFBFBD29EFBFBD6733EFBFBD3A572C4D22EFBFBD7ADA9B59EFBFBDEFBFBD2A68591CEFBFBD37EFBFBD0AEFBFBD03EFBFBDEFBFBDEFBFBD0DEFBFBD6203EFBFBD7AEFBFBD07EFBFBDEFBFBD2650EFBFBDEFBFBDEFBFBD342933083707EFBFBD3D312B43EFBFBD5D19EFBFBDEFBFBDEFBFBDEFBFBDEFBFBD2A4F5176605CEFBFBD2968EFBFBDEFBFBDEFBFBD516E6032EFBFBDEFBFBDEFBFBDEFBFBD307CEFBFBDEFBFBD75EFBFBD63304B7B59EFBFBD52EFBFBD662361EFBFBDEFBFBDEFBFBDEFBFBDEFBFBD5CEFBFBDDCA6EFBFBD5054EFBFBD3AEFBFBD3CEFBFBD491D406176EFBFBD10EFBFBD1E60EFBFBDEFBFBD36EFBFBD0610EFBFBD4DEFBFBD00525F32EFBFBD15EFBFBD5756EFBFBD1CEFBFBDEFBFBD69EFBFBDEFBFBDEFBFBD69062DEFBFBDEFBFBD42725579157B6AEFBFBDEFBFBDEFBFBD40EFBFBD0A4D4FEFBFBDEFBFBDEFBFBD420F6A3E5AD5806DEFBFBD6CEFBFBD311561EFBFBD4FEFBFBD66EFBFBD357BEFBFBD42EFBFBD5BEFBFBD66565A58EFBFBD65EFBFBDEFBFBDEFBFBDEFBFBD39EFBFBD775FEFBFBD19EFBFBD5BEFBFBDC99A35EFBFBD7977113FCA8AEFBFBDEFBFBDEFBFBD7CEFBFBDD29067EFBFBD0D0D2FEFBFBD72294EEFBFBD4AEFBFBD281B71EFBFBD69EFBFBD68EFBFBD66DABD6C12EFBFBD18EFBFBDEFBFBD6AEFBFBD27EFBFBDEFBFBD052711EFBFBDEFBFBD021A6FEFBFBD6D4300EFBFBD2B7971340333204F62EFBFBD20EFBFBD4C33EFBFBDEFBFBD25EFBFBDEFBFBDCCB4EFBFBD58EFBFBD5A7964C9A7EFBFBD672528EFBFBD2FEFBFBDEFBFBD6C3019EFBFBD69EFBFBDEFBFBDEFBFBD1710EFBFBDEFBFBD57E9929A1DEFBFBD20EFBFBDEFBFBD0A18531CEFBFBDC4BE49DAA9EFBFBD2AEFBFBD0AEFBFBD0DEFBFBDEFBFBD506A242AEFBFBD32EFBFBD1EEFBFBDEFBFBDEFBFBDEFBFBD50EFBFBD687B24EFBFBDCCA162EFBFBDEFBFBDEFBFBDEFBFBDEFBFBD4AEFBFBDEFBFBDEFBFBDEFBFBDE98098EFBFBD2B34EFBFBD74EFBFBDEFBFBD31EFBFBD0CEFBFBDEFBFBDEFBFBD211533EFBFBD246EEFBFBDD1B772EFBFBD22EFBFBD6CEFBFBD292C61EFBFBDEFBFBD5B5829EFBFBDEFBFBD18EFBFBD1DEFBFBD0AEFBFBDEFBFBDEFBFBDEFBFBDEFBFBD5B34EFBFBD73EFBFBD435D30EFBFBD53EFBFBD0E643F4D7F4DEFBFBDEFBFBD72EFBFBDEFBFBD5A4F6DEFBFBDEFBFBDEFBFBD7C2CEFBFBDEFBFBD0FEFBFBDEFBFBDEFBFBDEFBFBD55EFBFBD6C686FEFBFBD78EFBFBDEFBFBD6CEFBFBD6B27397CEFBFBD2F5D4FEFBFBDEFBFBDEFBFBDEFBFBD21EFBFBDCE8FEFBFBDEFBFBD53EFBFBD4EEFBFBD76EFBFBDEFBFBD1644EFBFBD3D6D572376EFBFBDEFBFBD265C052A47776C73EFBFBDEFBFBDD69C52702FEFBFBD5B23EFBFBD1D661965731B5425EFBFBD4CEFBFBDC88A471A41440AEFBFBDEFBFBDEFBFBDEFBFBD07EFBFBDEFBFBD20791C6324165CEFBFBD1016EFBFBDEFBFBDEFBFBD2EEFBFBD7E3FEFBFBDEFBFBD68EFBFBDDA9F5626EFBFBDEFBFBD00EFBFBD64EFBFBD7EEFBFBDEFBFBD17EFBFBDEFBFBDEFBFBD6863EFBFBD63EFBFBD476B1AC2942CEFBFBDDB9412EFBFBD574F505F20EFBFBDEFBFBD2F4EEFBFBDEFBFBDEFBFBD2F525DEFBFBD4E6F2CEFBFBD1F47EFBFBDEFBFBD30EFBFBDEFBFBD07EFBFBDEFBFBD7DEFBFBD32EFBFBDEFBFBDEFBFBD5EEFBFBD5BEFBFBD6AEFBFBD36EFBFBD7EEFBFBD4AEFBFBDEFBFBDEFBFBD65EFBFBD1909EFBFBDEFBFBDEFBFBDEFBFBD33213B76EFBFBD7EEFBFBD2F290FEFBFBDEFBFBD483C1C3BEFBFBDEFBFBD5F0D0274EFBFBD2E79EFBFBDEFBFBD75EFBFBD19EFBFBD40EFBFBD755FEFBFBD0CEFBFBD6FEFBFBD6DEFBFBD1EEFBFBD0E5EEFBFBD127670EFBFBDEFBFBD6D46EFBFBD68EFBFBD3C237B166BEFBFBDEFBFBD2210EFBFBD3CEFBFBD50747BEFBFBD330C3CEFBFBDEFBFBD20EFBFBDEFBFBDEFBFBD75EFBFBDEFBFBD72EFBFBDDFAF7FEFBFBD6FEFBFBDEFBFBDEFBFBDEFBFBDEFBFBDEFBFBDEFBFBD17EFBFBD0DEFBFBD5546765AEFBFBDEFBFBD2B053D6AC5BDEFBFBDEFBFBD766FEFBFBDEFBFBD7AEFBFBD4BEFBFBDEFBFBD7770EFBFBD1760225DEFBFBD7B5746EFBFBD0F55EFBFBD6A79EFBFBD7271EFBFBD7707EFBFBD6AEFBFBDEFBFBDCD83EFBFBD3567EFBFBD1CEFBFBDEE8F962AEFBFBDEFBFBD3EEFBFBDEFBFBD3C5FEFBFBD6EEFBFBD38DA8AEFBFBD6B6BEFBFBD160EEFBFBDEFBFBD755D69EFBFBD5AD9AFEFBFBDEFBFBD2DEFBFBDEFBFBDEFBFBD6943EFBFBD716E51EFBFBD2BEFBFBDEFBFBD474D5F3351EFBFBD3EEFBFBD54D7AEEFBFBDEFBFBDEFBFBDEFBFBD70EFBFBD41EFBFBD1B5D56EFBFBDEFBFBD7CEFBFBDEFBFBD52EFBFBD2AEFBFBD5F3B45EFBFBD64685142EFBFBD7FEFBFBD24EFBFBDD7A25431EFBFBDEFBFBD691E2F0DEFBFBDEFBFBD29EFBFBD12EFBFBD40EFBFBDEFBFBDEFBFBD24EFBFBD680E7C2E5EEFBFBDEFBFBDEFBFBDEFBFBDEFBFBDEFBFBD0BEFBFBD7172EFBFBD36EFBFBDEFBFBD19EFBFBDEFBFBDEFBFBD32EFBFBD62EFBFBD30EFBFBD61EFBFBDEFBFBD5C06EFBFBD75EFBFBDEFBFBD06045DEFBFBDEFBFBD5572EFBFBD65EFBFBD58EFBFBD1013EFBFBDEFBFBDEFBFBD15EFBFBD14231C1472EFBFBDD69C2F2C1032EFBFBD67674CEFBFBD2DEFBFBD3C6B2E5605EFBFBD25252DEFBFBD32EFBFBD15EFBFBDEFBFBD2D0CEFBFBD58EFBFBDEFBFBD2B3205EFBFBDEFBFBDEFBFBD6C770CEFBFBDEFBFBD05EFBFBD5765EFBFBDEFBFBDEFBFBD347F085DEFBFBDEFBFBD0902EFBFBD08EFBFBD2CEFBFBD28EFBFBDEFBFBD4F61EFBFBD41EFBFBDEFBFBDEFBFBD3F0AEFBFBDD999EFBFBD3C0000, '6.2.0-61023');
/*!40000 ALTER TABLE `__migrationhistory` ENABLE KEYS */;

/*!40101 SET SQL_MODE=IFNULL(@OLD_SQL_MODE, '') */;
/*!40014 SET FOREIGN_KEY_CHECKS=IF(@OLD_FOREIGN_KEY_CHECKS IS NULL, 1, @OLD_FOREIGN_KEY_CHECKS) */;
/*!40101 SET CHARACTER_SET_CLIENT=@OLD_CHARACTER_SET_CLIENT */;
